{
	"events": [
		[
			[
				0,
				{
					"ease": "CLASSIC",
					"duration": 4,
					"x": 0,
					"y": 0,
					"char": 1
				}
			],
			[
				1951.21951219512,
				{
					"ease": "CLASSIC",
					"duration": 4,
					"x": 0,
					"y": 0,
					"char": 0
				}
			],
			[
				3902.43902439024,
				{
					"ease": "CLASSIC",
					"duration": 4,
					"x": 0,
					"y": 0,
					"char": 1
				}
			],
			[
				5365.85365853659,
				{
					"ease": "CLASSIC",
					"duration": 4,
					"x": 0,
					"y": 0,
					"char": 0
				}
			],
			[
				7804.87804878049,
				{
					"ease": "CLASSIC",
					"duration": 4,
					"x": 0,
					"y": 0,
					"char": 1
				}
			],
			[
				9756.09756097561,
				{
					"ease": "CLASSIC",
					"duration": 4,
					"x": 0,
					"y": 0,
					"char": 0
				}
			],
			[
				11707.3170731707,
				{
					"ease": "CLASSIC",
					"duration": 4,
					"x": 0,
					"y": 0,
					"char": 1
				}
			],
			[
				13414.6341463415,
				{
					"ease": "CLASSIC",
					"duration": 4,
					"x": 0,
					"y": 0,
					"char": 0
				}
			],
			[
				15609.6341463415,
				{
					"ease": "CLASSIC",
					"duration": 4,
					"x": 0,
					"y": 0,
					"char": 1
				}
			],
			[
				17560.6341463415,
				{
					"ease": "CLASSIC",
					"duration": 4,
					"x": 0,
					"y": 0,
					"char": 0
				}
			],
			[
				19512.6341463415,
				{
					"ease": "CLASSIC",
					"duration": 4,
					"x": 0,
					"y": 0,
					"char": 1
				}
			],
			[
				21463.6341463415,
				{
					"ease": "CLASSIC",
					"duration": 4,
					"x": 0,
					"y": 0,
					"char": 0
				}
			],
			[
				23414.6341463415,
				{
					"ease": "CLASSIC",
					"duration": 4,
					"x": 0,
					"y": 0,
					"char": 1
				}
			],
			[
				25365.6341463415,
				{
					"ease": "CLASSIC",
					"duration": 4,
					"x": 0,
					"y": 0,
					"char": 0
				}
			],
			[
				27317.6341463415,
				{
					"ease": "CLASSIC",
					"duration": 4,
					"x": 0,
					"y": 0,
					"char": 1
				}
			],
			[
				29268.6341463415,
				{
					"ease": "CLASSIC",
					"duration": 4,
					"x": 0,
					"y": 0,
					"char": 0
				}
			],
			[
				46829.6341463415,
				{
					"ease": "CLASSIC",
					"duration": 4,
					"x": 0,
					"y": 0,
					"char": 1
				}
			],
			[
				48780.6341463415,
				{
					"ease": "CLASSIC",
					"duration": 4,
					"x": 0,
					"y": 0,
					"char": 0
				}
			],
			[
				50731.6341463415,
				{
					"ease": "CLASSIC",
					"duration": 4,
					"x": 0,
					"y": 0,
					"char": 1
				}
			],
			[
				52682.6341463415,
				{
					"ease": "CLASSIC",
					"duration": 4,
					"x": 0,
					"y": 0,
					"char": 0
				}
			],
			[
				54634.6341463415,
				{
					"ease": "CLASSIC",
					"duration": 4,
					"x": 0,
					"y": 0,
					"char": 1
				}
			],
			[
				56585.6341463415,
				{
					"ease": "CLASSIC",
					"duration": 4,
					"x": 0,
					"y": 0,
					"char": 0
				}
			],
			[
				58536.6341463415,
				{
					"ease": "CLASSIC",
					"duration": 4,
					"x": 0,
					"y": 0,
					"char": 1
				}
			],
			[
				60487.6341463415,
				{
					"ease": "CLASSIC",
					"duration": 4,
					"x": 0,
					"y": 0,
					"char": 0
				}
			],
			[
				78048,
				{
					"ease": "expoOut",
					"duration": 32,
					"x": -100,
					"y": 0,
					"char": 2
				}
			],
			[
				83902,
				{
					"ease": "expoOut",
					"duration": 32,
					"x": 0,
					"y": 0,
					"char": 0
				}
			],
			[
				85853,
				{
					"ease": "expoOut",
					"duration": 32,
					"x": -100,
					"y": 0,
					"char": 2
				}
			],
			[
				92682,
				{
					"ease": "expoOut",
					"duration": 32,
					"x": 0,
					"y": 0,
					"char": 0
				}
			],
			[
				97560.9756097561,
				{
					"ease": "CLASSIC",
					"duration": 4,
					"x": 0,
					"y": 0,
					"char": 1
				}
			],
			[
				98780.4878048781,
				{
					"ease": "CLASSIC",
					"duration": 4,
					"x": 0,
					"y": 0,
					"char": 0
				}
			]
		],
		[
			[
				7682.92682926829,
				{
					"rate": 2,
					"intensity": 1
				}
			],
			[
				31219.9268292683,
				{
					"rate": 4,
					"intensity": 1
				}
			],
			[
				46707.9268292683,
				{
					"rate": 2,
					"intensity": 1
				}
			],
			[
				93536.9268292683,
				{
					"rate": 4,
					"intensity": 1
				}
			]
		],
		[
			[
				33170.9512195122,
				{
					"ease": "expoOut",
					"duration": 32,
					"mode": "stage",
					"zoom": 0.95
				}
			],
			[
				35121.9512195122,
				{
					"ease": "expoOut",
					"duration": 32,
					"mode": "stage",
					"zoom": 1
				}
			],
			[
				37317.9512195122,
				{
					"ease": "expoOut",
					"duration": 32,
					"mode": "stage",
					"zoom": 1.05
				}
			],
			[
				38048.9512195122,
				{
					"ease": "expoOut",
					"duration": 32,
					"mode": "stage",
					"zoom": 1.1
				}
			],
			[
				39024.9512195122,
				{
					"ease": "expoOut",
					"duration": 32,
					"mode": "stage",
					"zoom": 1
				}
			],
			[
				41951.9512195122,
				{
					"ease": "expoOut",
					"duration": 32,
					"mode": "stage",
					"zoom": 0.95
				}
			],
			[
				42926.9512195122,
				{
					"ease": "expoOut",
					"duration": 32,
					"mode": "stage",
					"zoom": 1
				}
			],
			[
				46890.9512195122,
				{
					"ease": "expoOut",
					"duration": 32,
					"mode": "stage",
					"zoom": 0.9
				}
			],
			[
				62439.9512195122,
				{
					"ease": "expoOut",
					"duration": 32,
					"mode": "stage",
					"zoom": 1
				}
			],
			[
				66341.9512195122,
				{
					"ease": "expoOut",
					"duration": 32,
					"mode": "stage",
					"zoom": 1.05
				}
			],
			[
				67804.9512195122,
				{
					"ease": "expoOut",
					"duration": 32,
					"mode": "stage",
					"zoom": 1
				}
			],
			[
				70243.9512195122,
				{
					"ease": "expoOut",
					"duration": 32,
					"mode": "stage",
					"zoom": 1.05
				}
			],
			[
				72195.9512195122,
				{
					"ease": "expoOut",
					"duration": 32,
					"mode": "stage",
					"zoom": 1.1
				}
			],
			[
				74146.9512195122,
				{
					"ease": "expoOut",
					"duration": 32,
					"mode": "stage",
					"zoom": 1.05
				}
			],
			[
				76097.9512195122,
				{
					"ease": "expoOut",
					"duration": 32,
					"mode": "stage",
					"zoom": 1
				}
			],
			[
				78078,
				{
					"ease": "expoOut",
					"duration": 32,
					"mode": "stage",
					"zoom": 0.8
				}
			],
			[
				83932,
				{
					"ease": "expoOut",
					"duration": 32,
					"mode": "stage",
					"zoom": 0.9
				}
			],
			[
				85883,
				{
					"ease": "expoOut",
					"duration": 32,
					"mode": "stage",
					"zoom": 0.8
				}
			],
			[
				92712,
				{
					"ease": "expoOut",
					"duration": 32,
					"mode": "stage",
					"zoom": 0.9
				}
			],
			[
				93658.9512195122,
				{
					"ease": "expoOut",
					"duration": 32,
					"mode": "stage",
					"zoom": 0.8
				}
			],
			[
				99512.0975609756,
				{
					"ease": "expoOut",
					"duration": 32,
					"mode": "stage",
					"zoom": 0.9
				}
			],
			[
				101463.414634146,
				{
					"ease": "expoOut",
					"duration": 32,
					"mode": "stage",
					"zoom": 1
				}
			]
		]
	],
	"order": [
		"FocusCamera",
		"SetCameraBop",
		"ZoomCamera"
	]
}